{"stats":{"minecraft:mined":{"create:zinc_ore":17,"minecraft:tuff":72,"minecraft:deepslate_diamond_ore":2,"minecraft:cobblestone_stairs":1,"create:polished_cut_calcite_stairs":26,"create:cut_deepslate_brick_wall":44,"minecraft:ladder":8,"minecraft:grass_block":976,"create:cut_deepslate_brick_stairs":225,"create:polished_cut_calcite_slab":1,"minecraft:spruce_leaves":338,"ars_nouveau:sourceberry_bush":11,"minecraft:kelp":5,"create:polished_cut_deepslate_slab":9,"create:cut_calcite":3,"minecraft:large_fern":5,"minecraft:tall_seagrass":2,"minecraft:redstone_ore":4,"minecraft:furnace":8,"minecraft:carrots":13,"minecraft:iron_ore":24,"supplementaries:flax":10,"minecraft:andesite":328,"minecraft:deepslate_lapis_ore":5,"engineersdecor:old_industrial_wood_door":8,"create:calcite_pillar":90,"minecraft:deepslate_iron_ore":6,"minecraft:stripped_oak_log":7,"create:small_deepslate_brick_wall":12,"engineersdecor:steel_mesh_fence":12,"minecraft:bamboo":33,"minecraft:bone_block":17,"minecraft:stone":965,"create:veridium":28,"create:polished_cut_calcite":48,"immersiveengineering:ore_aluminum":1,"minecraft:deepslate_redstone_ore":8,"minecraft:soul_sand":13,"minecraft:kelp_plant":14,"engineersdecor:steel_mesh_fence_gate":20,"minecraft:crafting_table":3,"minecraft:clay":307,"minecraft:torch":15,"minecraft:calcite":899,"quark:framed_glass_pane":6,"engineersdecor:clinker_brick_vertical_slab_structured":73,"create:deepslate_pillar":40,"minecraft:chest":1,"minecraft:stone_slab":23,"minecraft:tall_grass":94,"create:cut_deepslate":3,"minecraft:copper_ore":38,"quark:chiseled_calcite_bricks":2,"minecraft:lapis_ore":10,"minecraft:deepslate_gold_ore":66,"minecraft:diorite":212,"minecraft:wall_torch":6,"minecraft:seagrass":1,"minecraft:white_terracotta":252,"engineersdecor:clinker_brick_stairs":16,"minecraft:coarse_dirt":4,"minecraft:birch_log":6,"minecraft:spruce_log":12,"minecraft:birch_leaves":1,"minecraft:yellow_bed":2,"minecraft:grass":465,"minecraft:coal_ore":200,"minecraft:oak_log":180,"create:cut_deepslate_stairs":12,"engineersdecor:clinker_brick_block":24,"minecraft:gravel":49,"minecraft:sand":512,"minecraft:dirt":60,"minecraft:smooth_basalt":26,"minecraft:stonecutter":1,"minecraft:netherrack":9,"minecraft:gold_ore":12,"minecraft:oak_leaves":827,"minecraft:deepslate":798,"minecraft:fern":52,"engineersdecor:clinker_brick_slab":90},"minecraft:crafted":{"minecraft:brick":576,"minecraft:oak_planks":28,"quark:birch_chest":2,"engineersdecor:small_electrical_furnace":1,"engineersdecor:thin_steel_pole":52,"engineersdecor:steel_mesh_fence_gate":2,"quark:bamboo_block":19,"minecraft:furnace":9,"minecraft:stone":512,"minecraft:bone_meal":36,"engineersdecor:clinker_brick_slab":18,"quark:framed_glass":48,"engineersdecor:old_industrial_wood_planks":8,"minecraft:glass":208,"minecraft:hopper":3,"engineersdecor:metal_bar":120,"minecraft:iron_axe":2,"minecraft:ladder":12,"minecraft:iron_hoe":1,"minecraft:chest":12,"minecraft:bricks":46,"quark:spruce_chest":2,"minecraft:stone_bricks":168,"minecraft:deepslate":768,"engineersdecor:small_lab_furnace":1,"minecraft:crafting_table":2,"minecraft:spruce_planks":20,"engineersdecor:clinker_brick_block":380,"engineersdecor:steel_mesh_fence":72,"constructionwand:iron_wand":9,"engineersdecor:old_industrial_wood_door":2,"engineersdecor:panzerglass_block":72,"minecraft:bucket":3,"minecraft:birch_planks":24,"minecraft:white_stained_glass":112,"engineersdecor:panzerglass_slab":144,"minecraft:air":0,"farmersdelight:cutting_board":1,"create:polished_cut_calcite_slab":6,"minecraft:charcoal":12,"minecraft:white_dye":18,"minecraft:stick":64,"minecraft:stone_slab":93,"quark:oak_chest":8,"quark:framed_glass_pane":128,"quark:chiseled_calcite_bricks":2,"minecraft:iron_pickaxe":21,"minecraft:iron_shovel":2,"minecraft:stonecutter":1,"minecraft:torch":64,"engineersdecor:clinker_brick_vertical_slab_structured":456},"minecraft:broken":{"minecraft:iron_shovel":2,"minecraft:iron_axe":1,"constructionwand:iron_wand":9,"minecraft:iron_pickaxe":19},"minecraft:killed":{"minecraft:cave_spider":3,"minecraft:witch":1,"minecraft:spider":3,"minecraft:skeleton":2,"quark:foxhound":1,"alexsmobs:crimson_mosquito":1,"minecraft:zombie":12,"minecraft:villager":1,"quark:wraith":3},"minecraft:dropped":{"minecraft:birch_planks":4,"minecraft:dirt":1,"minecraft:diorite":3,"engineersdecor:steel_mesh_fence_gate":2,"minecraft:arrow":1},"minecraft:killed_by":{"alexsmobs:soul_vulture":1},"minecraft:custom":{"lootr:looted_stat":2,"minecraft:mob_kills":27,"minecraft:interact_with_crafting_table":105,"minecraft:leave_game":8,"minecraft:time_since_death":45719,"minecraft:climb_one_cm":5034,"minecraft:sprint_one_cm":780290,"minecraft:walk_one_cm":1117612,"minecraft:drop":7,"minecraft:talked_to_villager":2,"minecraft:play_time":241447,"minecraft:deaths":2,"minecraft:sneak_time":8373,"minecraft:walk_under_water_one_cm":7743,"minecraft:jump":4229,"minecraft:walk_on_water_one_cm":14770,"minecraft:total_world_time":241447,"minecraft:interact_with_furnace":212,"minecraft:interact_with_stonecutter":51,"minecraft:sleep_in_bed":7,"minecraft:time_since_rest":26857,"minecraft:damage_taken":2600,"minecraft:use_wand":2250,"minecraft:damage_dealt":4884,"minecraft:swim_one_cm":58039,"minecraft:fly_one_cm":922761,"minecraft:open_chest":288,"minecraft:crouch_one_cm":28996,"minecraft:fall_one_cm":122711},"minecraft:used":{"create:calcite_pillar":507,"minecraft:iron_shovel":507,"minecraft:ladder":15,"minecraft:chest":9,"create:cut_calcite":3,"minecraft:torch":70,"minecraft:dirt":600,"constructionwand:iron_wand":846,"minecraft:carrot":75,"create:polished_cut_deepslate_slab":68,"minecraft:iron_hoe":88,"minecraft:iron_axe":284,"quark:chiseled_calcite_bricks":2,"engineersdecor:clinker_brick_block":92,"minecraft:bamboo":17,"engineersdecor:clinker_brick_vertical_slab_structured":526,"minecraft:smooth_basalt":2,"create:polished_cut_calcite_stairs":80,"engineersdecor:steel_mesh_fence_gate":22,"create:cut_deepslate_slab":27,"create:polished_cut_calcite":324,"farmersdelight:cutting_board":1,"minecraft:furnace":16,"minecraft:potato":18,"minecraft:cobbled_deepslate":7,"create:polished_cut_deepslate":60,"create:cut_deepslate_brick_stairs":429,"minecraft:water_bucket":45,"minecraft:diorite":15,"minecraft:cobblestone_stairs":82,"engineersdecor:clinker_brick_stairs":16,"quark:framed_glass_pane":113,"minecraft:baked_potato":72,"engineersdecor:panzerglass_slab":7,"minecraft:stonecutter":2,"create:cut_deepslate":3,"engineersdecor:steel_mesh_fence":65,"minecraft:crafting_table":4,"create:deepslate_pillar":80,"minecraft:spruce_log":1,"engineersdecor:clinker_brick_slab":94,"create:small_deepslate_brick_wall":12,"minecraft:oak_log":7,"minecraft:apple":3,"minecraft:iron_pickaxe":4816,"minecraft:stone_slab":105,"supplementaries:flax_seeds":9,"create:polished_cut_calcite_slab":249,"minecraft:cobblestone":43,"engineersdecor:old_industrial_wood_door":9,"minecraft:white_stained_glass":105,"minecraft:bucket":46,"create:cut_deepslate_brick_wall":248,"minecraft:pumpkin_pie":4,"minecraft:yellow_bed":2,"alexsmobs:animal_dictionary":1,"create:cut_deepslate_stairs":12,"minecraft:stripped_oak_log":35,"minecraft:bone_meal":18},"minecraft:picked_up":{"create:cut_calcite":3,"minecraft:coarse_dirt":4,"minecraft:crafting_table":3,"create:polished_cut_calcite_slab":1,"minecraft:ladder":8,"minecraft:clay_ball":1228,"create:polished_cut_calcite":47,"minecraft:stone_slab":23,"create:cut_deepslate_brick_stairs":225,"minecraft:string":3,"engineersdecor:clinker_brick_stairs":13,"minecraft:raw_copper":131,"create:cut_deepslate_brick_wall":44,"engineersdecor:clinker_brick_slab":90,"minecraft:cobbled_deepslate":751,"create:calcite_pillar":90,"engineersdecor:clinker_brick_block":23,"minecraft:calcite":899,"minecraft:chest":1,"minecraft:birch_sapling":2,"minecraft:furnace":8,"minecraft:raw_iron":50,"minecraft:stick":43,"minecraft:torch":25,"create:small_deepslate_brick_wall":12,"minecraft:diorite":212,"minecraft:carrot":43,"minecraft:redstone":54,"supplementaries:flax":9,"engineersdecor:steel_mesh_fence_gate":22,"minecraft:arrow":4,"minecraft:rotten_flesh":15,"farmersdelight:tree_bark":56,"create:veridium":28,"minecraft:white_terracotta":252,"minecraft:bone_block":25,"minecraft:cobblestone":965,"minecraft:stripped_oak_log":63,"minecraft:birch_log":6,"minecraft:andesite":328,"ars_nouveau:source_berry":29,"minecraft:potato":16,"minecraft:flint":8,"biomancy:toxin_gland":1,"minecraft:tuff":72,"create:raw_zinc":17,"minecraft:oak_log":180,"supplementaries:flax_seeds":21,"alexsmobs:mosquito_proboscis":1,"minecraft:yellow_bed":2,"engineersdecor:steel_mesh_fence":12,"minecraft:cobblestone_stairs":1,"create:deepslate_pillar":40,"minecraft:lapis_lazuli":97,"minecraft:dirt":1033,"minecraft:bone":2,"minecraft:apple":3,"minecraft:stonecutter":1,"minecraft:kelp":88,"biomancy:mob_sinew":1,"minecraft:wheat_seeds":100,"minecraft:raw_gold":78,"create:cut_deepslate":3,"quark:soul_bead":2,"quark:chiseled_calcite_bricks":2,"minecraft:bamboo":139,"minecraft:soul_sand":13,"minecraft:smooth_basalt":26,"create:polished_cut_calcite_stairs":26,"minecraft:gravel":41,"immersiveengineering:raw_aluminum":1,"minecraft:sand":512,"minecraft:spruce_sapling":18,"create:polished_cut_deepslate_slab":12,"minecraft:spruce_log":12,"create:cut_deepslate_stairs":12,"engineersdecor:clinker_brick_vertical_slab_structured":73,"immersiveengineering:seed":86,"minecraft:diamond":3,"quark:framed_glass_pane":6,"engineersdecor:old_industrial_wood_door":8,"minecraft:oak_sapling":49,"minecraft:netherrack":9,"minecraft:coal":262}},"DataVersion":3120}