{"stats":{"minecraft:mined":{"minecraft:white_bed":16,"pneumaticcraft:reinforced_chest":7,"create:andesite_casing":61,"create:cut_calcite_bricks":2,"minecraft:obsidian":37,"quark:stripped_blossom_log":1,"minecraft:coal_block":4,"minecraft:hopper":6,"minecraft:red_stained_glass_pane":1,"minecraft:magma_block":307,"quark:beetroot_crate":1,"minecraft:sticky_piston":1,"minecraft:fire":9,"minecraft:barrel":30,"immersiveengineering:deepslate_ore_silver":24,"minecraft:pumpkin":5,"minecraft:fletching_table":5,"supplementaries:globe":1,"minecraft:deepslate_lapis_ore":30,"immersiveengineering:deepslate_ore_nickel":22,"ars_nouveau:archwood_slab":251,"create:mechanical_plough":2,"minecraft:cave_vines":6,"minecraft:dirt_path":256,"minecraft:spruce_pressure_plate":1,"minecraft:light_gray_concrete":1,"create:limestone":347,"quark:red_corundum_cluster":5,"minecraft:orange_bed":1,"create:cogwheel":6,"minecraft:brown_mushroom":5,"ars_nouveau:light_block":19,"minecraft:soul_fire":1,"engineersdecor:factory_hopper":7,"minecraft:powder_snow":9,"minecraft:torch":1,"minecraft:blast_furnace":25,"quark:flowering_azalea_leaf_carpet":6,"minecraft:spruce_wall_sign":5,"minecraft:sugar_cane":1,"minecraft:spruce_sign":5,"minecraft:repeater":11,"supplementaries:trapped_present_blue":2,"minecraft:light_gray_stained_glass":18,"minecraft:wheat":16,"minecraft:grass":69,"minecraft:smooth_quartz":4,"minecraft:stonecutter":2,"minecraft:piston":10,"minecraft:deepslate":1550,"create:zinc_ore":149,"create:cut_tuff":2,"quark:red_corundum":16,"create:millstone":4,"create:layered_deepslate":292,"quark:shale":125,"tetra:block_geode":4,"farmersdelight:wild_carrots":1,"domum_ornamentum:cream_bricks":59,"minecraft:spruce_fence":21,"minecraft:redstone_wire":27,"minecraft:black_stained_glass_pane":8,"supplementaries:rope":10,"minecraft:redstone_ore":5,"supplementaries:flax":2,"minecraft:snow":168,"minecraft:potatoes":78,"create:cart_assembler":4,"minecraft:rail":184,"create:deployer":13,"minecraft:bone_block":16,"minecraft:bamboo":36,"create:polished_cut_calcite":4,"immersiveengineering:ore_aluminum":40,"minecraft:green_wool":3,"supplementaries:wall_lantern":1,"minecraft:potted_allium":1,"create:cut_deepslate_bricks":169,"minecraft:redstone_block":2,"minecraft:glass_pane":3,"minecraft:comparator":1,"minecraft:soul_sand":253,"create:cut_calcite_brick_stairs":14,"pneumaticcraft:air_compressor":2,"create:cut_limestone_bricks":42,"minecraft:observer":7,"minecraft:dandelion":7,"create:cut_deepslate":1,"minecraft:tall_grass":4,"minecraft:copper_ore":429,"minecraft:deepslate_gold_ore":47,"minecraft:diorite":458,"quark:carrot_crate":1,"minecraft:coarse_dirt":2,"minecraft:stripped_spruce_wood":162,"ars_nouveau:arcane_pedestal":9,"create:gearbox":1,"minecraft:spruce_log":711,"create:mechanical_drill":42,"minecraft:gravel":388,"minecraft:dripstone_block":89,"minecraft:cobweb":50,"supplementaries:trapped_present_red":2,"minecraft:stone_bricks":31,"ars_nouveau:imbuement_chamber":5,"minecraft:fern":18,"create:deepslate_zinc_ore":66,"minecraft:spruce_planks":551,"minecraft:farmland":49,"minecraft:brewing_stand":2,"minecraft:spruce_trapdoor":71,"minecraft:cave_vines_plant":3,"minecraft:grass_block":2350,"minecraft:mangrove_fence":12,"minecraft:soul_soil":59,"minecraft:composter":18,"ars_nouveau:arcane_core":1,"minecraft:smooth_stone":49,"domum_ornamentum:cream_stone_bricks":30,"quark:bamboo_block":5,"minecraft:iron_ore":43,"minecraft:anvil":1,"create:asurine":20,"ars_nouveau:red_archwood_log":752,"minecraft:pointed_dripstone":251,"ars_nouveau:archwood_button":1,"quark:indigo_corundum":2,"immersiveengineering:ore_lead":34,"ars_nouveau:enchanting_apparatus":2,"quark:blossom_planks_slab":1,"minecraft:spruce_slab":55,"quark:potato_crate":1,"quark:violet_corundum":35,"alexsmobs:bison_carpet":26,"minecraft:deepslate_redstone_ore":37,"lootr:lootr_chest":4,"farmersdelight:organic_compost":9,"minecraft:blackstone":270,"minecraft:chiseled_quartz_block":1,"minecraft:potted_jungle_sapling":1,"create:polished_cut_deepslate":261,"ars_nouveau:stripped_green_archwood_log":3,"minecraft:calcite":491,"minecraft:poppy":19,"minecraft:chest":18,"quark:blue_corundum_cluster":10,"minecraft:nether_quartz_ore":12,"minecraft:cobblestone":116,"minecraft:slime_block":2,"minecraft:potted_acacia_sapling":1,"minecraft:oak_planks":34,"ars_nouveau:scribes_table":2,"minecraft:iron_door":3,"ars_nouveau:red_archwood_leaves":719,"minecraft:wall_torch":7,"minecraft:deepslate_copper_ore":55,"minecraft:powered_rail":78,"ars_nouveau:archwood_planks":62,"minecraft:blue_ice":24,"minecraft:light_gray_wool":10,"immersiveengineering:deepslate_ore_lead":12,"minecraft:smooth_stone_slab":258,"minecraft:dirt":1209,"minecraft:sand":215,"create:polished_cut_tuff":3,"minecraft:dispenser":13,"minecraft:netherrack":294,"ars_nouveau:red_archwood_sapling":1,"minecraft:emerald_block":1,"minecraft:redstone_lamp":8,"minecraft:tuff":519,"farmersdelight:onions":6,"minecraft:deepslate_diamond_ore":4,"ars_nouveau:green_archwood_leaves":1012,"create_central_kitchen:pumpkin_pie":1,"minecraft:lever":5,"create:ochrum":6,"create:depot":6,"minecraft:spruce_leaves":1954,"minecraft:large_fern":25,"ars_nouveau:magebloom_crop":3,"minecraft:furnace":30,"minecraft:carrots":1,"create:white_sail":30,"minecraft:stripped_spruce_log":119,"create:windmill_bearing":1,"create:orange_seat":4,"minecraft:bookshelf":11,"minecraft:deepslate_iron_ore":40,"minecraft:shroomlight":2,"minecraft:lantern":3,"quark:blossom_trapdoor":6,"minecraft:stripped_oak_log":2,"minecraft:packed_ice":31,"minecraft:stone":3874,"ars_nouveau:purple_archwood_log":71,"minecraft:redstone_wall_torch":5,"farmersdelight:cooking_pot":2,"minecraft:podzol":1,"ars_nouveau:arcane_platform":46,"ars_nouveau:green_archwood_log":428,"quark:blue_corundum":52,"minecraft:snow_block":1,"ars_nouveau:archwood_trapdoor":5,"minecraft:spruce_door":1,"minecraft:oak_fence":19,"minecraft:crafting_table":7,"create:cut_deepslate_brick_slab":7,"minecraft:lectern":7,"supplementaries:sack":2,"minecraft:lapis_ore":2,"ars_nouveau:blue_archwood_leaves":230,"minecraft:blue_bed":15,"create:cut_tuff_bricks":10,"minecraft:air":1812,"supplementaries:urn":3,"minecraft:spruce_stairs":45,"create:mechanical_harvester":2,"ars_nouveau:blue_archwood_log":81,"ars_nouveau:purple_archwood_leaves":227,"quark:dark_oak_leaf_carpet":10,"minecraft:redstone_torch":45,"quark:apple_crate":3,"minecraft:ice":522,"minecraft:coal_ore":243,"create:layered_tuff":2,"quark:violet_corundum_cluster":30},"minecraft:crafted":{"minecraft:smooth_stone":235,"immersiveengineering:hammer":1,"minecraft:slime_block":2,"minecraft:lever":42,"immersiveengineering:ingot_nickel":22,"patchouli:guide_book":1,"minecraft:potato":9,"pneumaticcraft:volume_upgrade":13,"create:vertical_gearbox":1,"minecraft:glass":56,"immersiveengineering:ingot_silver":24,"create:mechanical_press":1,"ars_nouveau:archwood_door":3,"computercraft:computer_normal":1,"create:cogwheel":20,"create:mechanical_plough":2,"minecraft:furnace_minecart":1,"minecraft:deepslate":1429,"create:rose_quartz":4,"minecraft:emerald":1,"pneumaticcraft:reinforced_bricks":72,"minecraft:green_bed":1,"minecraft:clock":1,"quark:glass_item_frame":18,"minecraft:copper_ingot":558,"minecraft:sticky_piston":1,"minecraft:fletching_table":4,"minecraft:light_gray_bed":3,"create:gearbox":1,"minecraft:lectern":6,"quark:bamboo_planks":8,"minecraft:wooden_hoe":6,"minecraft:stone_slab":6,"minecraft:iron_pickaxe":29,"minecraft:iron_block":223,"minecraft:gold_ingot":47,"minecraft:sandstone":8,"create:schematic_and_quill":1,"create:large_cogwheel":1,"minecraft:composter":1,"ars_nouveau:arcane_pedestal":16,"quark:blossom_planks_slab":24,"minecraft:stone_shovel":4,"create:wrench":1,"pneumaticcraft:pressure_tube":32,"minecraft:iron_nugget":837,"create:white_sail":74,"ars_nouveau:archwood_trapdoor":8,"pneumaticcraft:item_life_upgrade":1,"minecraft:bone_meal":138,"minecraft:white_carpet":3,"minecraft:spruce_stairs":56,"ars_nouveau:novice_spell_book":1,"minecraft:spruce_slab":210,"minecraft:stone_pickaxe":25,"minecraft:spruce_boat":4,"create:electron_tube":4,"quark:spruce_chest":62,"minecraft:lead":12,"create:windmill_bearing":1,"tetra:modular_double":2,"engineersdecor:small_lab_furnace":12,"create:dough":24,"pneumaticcraft:air_canister":16,"pneumaticcraft:minigun":2,"ars_nouveau:sourcestone":40,"immersiveengineering:alloybrick":8,"minecraft:iron_shovel":14,"minecraft:iron_leggings":1,"minecraft:white_bed":12,"create:shaft":40,"minecraft:brick":11,"minecraft:grindstone":4,"ars_nouveau:archwood_planks":1936,"pneumaticcraft:reinforced_chest":1,"create:mechanical_harvester":2,"minecraft:stone":574,"pneumaticcraft:air_compressor":8,"create:deployer":4,"minecraft:spruce_pressure_plate":1,"engineersdecor:factory_hopper":33,"pneumaticcraft:cannon_barrel":2,"minecraft:hopper":52,"engineersdecor:metal_bar":258,"minecraft:bow":4,"minecraft:iron_boots":2,"create:cart_assembler":1,"ars_nouveau:archwood_button":1,"immersiveengineering:ingot_lead":55,"minecraft:chest":62,"pneumaticcraft:reinforced_stone":96,"ars_nouveau:enchanting_apparatus":1,"minecraft:rail":80,"minecraft:stone_hoe":4,"minecraft:stone_bricks":86,"create:brass_hand":4,"immersiveengineering:ingot_aluminum":40,"pneumaticcraft:reinforced_brick_wall":18,"minecraft:dropper":6,"minecraft:item_frame":9,"quark:blossom_planks":12,"ars_nouveau:arcane_core":1,"minecraft:crafting_table":11,"minecraft:iron_helmet":1,"minecraft:spruce_planks":1332,"minecraft:wooden_pickaxe":1,"pneumaticcraft:minigun_upgrade":1,"minecraft:baked_potato":947,"pneumaticcraft:gun_ammo":4,"create:sand_paper":1,"supplementaries:rope":63,"minecraft:dispenser":10,"minecraft:apple":27,"minecraft:spruce_trapdoor":25,"minecraft:paper":3,"minecraft:string":234,"minecraft:iron_chestplate":1,"minecraft:diamond_pickaxe":1,"minecraft:charcoal":941,"minecraft:emerald_block":1,"create:super_glue":1,"minecraft:stick":518,"minecraft:light_blue_dye":2,"minecraft:iron_ingot":80,"minecraft:stone_sword":2,"minecraft:snow_block":32,"minecraft:beetroot":9,"ars_nouveau:scribes_table":1,"pneumaticcraft:charging_station":1,"minecraft:redstone":14,"minecraft:raw_iron":9,"minecraft:coal":36,"minecraft:fishing_rod":1,"minecraft:furnace":9,"pneumaticcraft:ingot_iron_compressed":108,"minecraft:blast_furnace":5,"ars_nouveau:archwood_slab":702,"minecraft:glass_pane":96,"ars_nouveau:source_gem_block":6,"minecraft:scaffolding":6,"ars_nouveau:arcane_platform":16,"minecraft:leather":2,"minecraft:iron_axe":4,"minecraft:iron_hoe":2,"minecraft:slime_ball":24,"create:millstone":2,"create:empty_schematic":2,"minecraft:lime_dye":24,"pneumaticcraft:vortex_cannon":1,"minecraft:minecart":2,"create:andesite_alloy":320,"minecraft:spruce_sign":12,"ars_nouveau:imbuement_chamber":1,"minecraft:powered_rail":6,"minecraft:iron_sword":3,"minecraft:bucket":3,"minecraft:stone_axe":1,"pneumaticcraft:reinforced_stone_slab":6,"immersiveengineering:plate_gold":3,"minecraft:air":0,"minecraft:blue_dye":1,"quark:spruce_bookshelf":6,"minecraft:white_wool":75,"minecraft:gold_nugget":54,"minecraft:white_dye":12,"minecraft:anvil":1,"create:mechanical_drill":25,"minecraft:andesite":754,"minecraft:torch":112,"minecraft:carrot":9,"create:zinc_ingot":217},"minecraft:broken":{"quark:forgotten_hat":1,"minecraft:iron_hoe":1,"minecraft:stone_sword":1,"minecraft:wooden_pickaxe":1,"minecraft:iron_axe":1,"minecraft:iron_pickaxe":23,"minecraft:wooden_hoe":3,"minecraft:iron_shovel":6,"minecraft:leather_leggings":1,"minecraft:stone_pickaxe":14,"minecraft:stone_axe":1,"minecraft:stone_shovel":3,"minecraft:leather_chestplate":1},"minecraft:dropped":{"minecraft:crafting_table":1,"minecraft:saddle":1,"minecraft:rail":523,"minecraft:dirt":648,"quark:light_gray_shard":59,"supplementaries:rope":7,"minecraft:iron_pickaxe":5,"minecraft:fishing_rod":1,"minecraft:blue_bed":1,"minecraft:stone_axe":2,"minecraft:lever":3,"alexsmobs:animal_dictionary":1,"minecraft:cobbled_deepslate":3,"minecraft:wheat":4,"minecraft:rotten_flesh":15,"ars_nouveau:archwood_slab":5,"alexsmobs:bison_carpet":26,"minecraft:hopper":2,"quark:blank_rune":1,"minecraft:spruce_slab":2,"quark:flowering_azalea_leaf_carpet":1,"ars_nouveau:archwood_trapdoor":2,"create:layered_deepslate":22,"minecraft:iron_ingot":143,"minecraft:wheat_seeds":1,"minecraft:dripstone_block":54,"minecraft:cobblestone":383,"minecraft:iron_helmet":2,"minecraft:spruce_door":2,"minecraft:coal":4,"minecraft:wooden_hoe":3,"biomancy:mob_sinew":2,"minecraft:spruce_sapling":28,"minecraft:snow_block":57,"minecraft:stone_sword":1,"tetra:geode":1,"minecraft:stone_shovel":1,"minecraft:white_carpet":4,"minecraft:iron_boots":1,"minecraft:light_gray_concrete":1,"pneumaticcraft:compressed_iron_block":37,"minecraft:spruce_fence":2,"minecraft:potato":44,"minecraft:stone":2,"biomancy:mob_marrow":2,"alexsmobs:cockroach_wing_fragment":1,"minecraft:spruce_trapdoor":20,"minecraft:spruce_planks":18,"minecraft:diamond_pickaxe":1,"supplementaries:trapped_present_blue":1,"minecraft:bow":2,"minecraft:magma_block":51,"minecraft:soul_sand":7,"minecolonies:scroll_buff":8,"minecraft:lantern":1,"minecraft:flint":16,"minecraft:snowball":109,"minecraft:gravel":36,"minecraft:blackstone":1,"minecraft:pointed_dripstone":1,"minecraft:carrot":1,"patchouli:guide_book":1,"minecraft:poppy":994,"minecraft:skeleton_skull":1,"minecraft:spruce_pressure_plate":2,"supplementaries:quark/hanging_sign_blossom":2,"create:brass_ingot":42,"minecraft:arrow":5,"minecraft:scaffolding":1,"immersiveengineering:seed":1,"minecraft:written_book":2,"minecraft:water_bucket":1,"minecraft:stone_hoe":4,"minecraft:poisonous_potato":1,"minecraft:spruce_stairs":39,"create:orange_toolbox":1,"minecraft:stick":42,"minecraft:iron_block":219,"ars_nouveau:worn_notebook":1,"ars_nouveau:bombegranate_pod":2,"minecraft:torch":1,"minecraft:green_dye":1,"minecraft:smooth_quartz":2,"minecraft:iron_door":3,"alexsmobs:maggot":6,"minecraft:chiseled_quartz_block":1,"minecraft:raw_copper":64,"minecraft:tuff":7,"minecraft:raw_iron":32,"farmersdelight:cabbage_seeds":2,"minecraft:flint_and_steel":1,"supplementaries:trapped_present_red":1,"supplementaries:candle_holder_red":4,"minecraft:spruce_log":7,"minecraft:stone_pickaxe":11},"minecraft:killed":{"minecraft:cave_spider":3,"minecraft:skeleton":37,"minecraft:chicken":8,"minecraft:magma_cube":3,"alexsmobs:seal":2,"minecraft:iron_golem":4,"minecraft:zombie":54,"alexsmobs:raccoon":1,"minecraft:rabbit":1,"minecraft:wandering_trader":1,"ars_nouveau:wilden_guardian":7,"quark:wraith":2,"minecraft:enderman":4,"minecraft:zombified_piglin":1,"minecraft:spider":26,"alexsmobs:snow_leopard":1,"quark:forgotten":2,"minecraft:piglin":1,"minecraft:zombie_villager":13,"alexsmobs:crimson_mosquito":1,"minecraft:creeper":12,"minecraft:trader_llama":2,"minecraft:ghast":2,"minecraft:stray":7,"alexsmobs:fly":8,"ars_nouveau:summon_wolf":8,"quark:foxhound":2,"minecraft:bat":1,"alexsmobs:cockroach":3,"ars_nouveau:wilden_stalker":9,"ars_nouveau:wilden_hunter":4,"minecraft:villager":2},"minecraft:killed_by":{"minecraft:iron_golem":3},"minecraft:custom":{"minecraft:interact_with_crafting_table":294,"minecraft:open_barrel":231,"minecraft:leave_game":13,"minecraft:time_since_death":24609,"minecraft:play_time":2130814,"minecraft:deaths":8,"minecraft:jump":10765,"minecraft:interact_with_furnace":306,"minecraft:traded_with_villager":1,"minecraft:sleep_in_bed":57,"minecraft:damage_dealt":36031,"minecraft:inspect_dispenser":1,"minecraft:interact_with_anvil":1,"minecraft:inspect_hopper":5,"minecraft:sneak_time":26247,"minecraft:interact_with_blast_furnace":60,"minecraft:total_world_time":2130814,"minecraft:interact_with_stonecutter":31,"minecraft:time_since_rest":10501,"minecraft:swim_one_cm":4556,"minecraft:fly_one_cm":1989986,"minecraft:open_chest":1982,"minecraft:fall_one_cm":126764,"lootr:looted_stat":13,"minecraft:animals_bred":1,"minecraft:sprint_one_cm":2226712,"minecraft:drop":220,"minecraft:talked_to_villager":76,"minecraft:interact_with_brewingstand":1,"minecraft:walk_on_water_one_cm":63455,"minecraft:crouch_one_cm":90294,"minecraft:mob_kills":234,"minecraft:climb_one_cm":17970,"minecraft:walk_one_cm":3433603,"minecraft:walk_under_water_one_cm":7423,"minecraft:boat_one_cm":228109,"minecraft:pot_flower":1,"minecraft:damage_taken":7689,"minecraft:damage_absorbed":25,"minecraft:minecart_one_cm":1078},"minecraft:used":{"create:deployer":17,"minecraft:dispenser":11,"minecraft:spruce_slab":9,"minecraft:poppy":19,"create:layered_deepslate":242,"minecraft:chest":72,"minecraft:stone":9,"minecraft:soul_sand":1,"supplementaries:trapped_present_red":1,"create:white_sail":55,"minecraft:snowball":7,"ars_nouveau:bombegranate_pod":2,"minecraft:stripped_spruce_log":44,"minecraft:spruce_boat":13,"minecraft:lava_bucket":8,"create:polished_cut_calcite":4,"ars_nouveau:source_berry":23,"ars_nouveau:archwood_door":3,"minecraft:furnace":13,"minecraft:potato":235,"create:cut_tuff":2,"ars_nouveau:green_archwood_log":3,"minecraft:spruce_door":4,"create:cut_deepslate_brick_slab":92,"minecraft:powered_rail":26,"minecraft:wooden_pickaxe":59,"minecraft:composter":11,"minecraft:golden_apple":1,"create:cut_tuff_bricks":113,"minecraft:glow_berries":4,"minecraft:blast_furnace":26,"tetra:modular_double":3254,"immersiveengineering:hammer":1,"engineersdecor:small_lab_furnace":12,"supplementaries:candle_holder_green":2,"minecraft:lectern":13,"supplementaries:flax_seeds":227,"minecraft:stone_sword":223,"ars_nouveau:arcane_core":2,"create:polished_cut_tuff":107,"minecraft:mangrove_fence":6,"ars_nouveau:archwood_slab":323,"minecraft:netherrack":15,"minecraft:orange_bed":1,"minecraft:torch":134,"minecraft:brewing_stand":2,"minecraft:anvil":2,"tetra:modular_sword":115,"quark:blossom_planks_slab":24,"create:cut_limestone_bricks":93,"ars_nouveau:red_archwood_log":1,"minecraft:shroomlight":2,"create:wrench":97,"create:gearbox":1,"minecraft:iron_axe":444,"minecraft:slime_block":4,"minecraft:barrel":20,"minecraft:bamboo":8,"farmersdelight:cooking_pot":3,"minecraft:observer":7,"minecraft:cobbled_deepslate":10,"create:polished_cut_deepslate":142,"minecraft:wheat_seeds":81,"minecraft:water_bucket":58,"quark:stripped_blossom_log":2,"minecraft:fletching_table":5,"create:cut_deepslate":1,"minecraft:rail":107,"minecraft:crafting_table":16,"computercraft:computer_normal":1,"minecraft:white_bed":28,"minecraft:spruce_log":82,"quark:glass_item_frame":24,"ars_nouveau:arcane_pedestal":9,"minecraft:iron_pickaxe":8467,"minecraft:spruce_trapdoor":61,"minecraft:spruce_sapling":17,"minecraft:cobblestone":425,"ars_nouveau:archwood_trapdoor":9,"minecraft:stripped_oak_log":2,"minecraft:iron_shovel":2122,"pneumaticcraft:air_compressor":6,"ars_nouveau:magebloom_crop":5,"minecraft:iron_sword":268,"create:cut_deepslate_bricks":595,"ars_nouveau:red_archwood_sapling":14,"create:minecart_contraption":55,"create:cogwheel":12,"minecraft:carrot":16,"minecraft:furnace_minecart":3,"minecraft:tuff":4,"minecraft:obsidian":12,"minecraft:milk_bucket":1,"create:cut_calcite_brick_stairs":211,"minecraft:lantern":4,"create:millstone":6,"pneumaticcraft:charging_station":1,"ars_nouveau:green_archwood_sapling":7,"minecraft:stone_bricks":36,"minecraft:item_frame":5,"minecraft:repeater":10,"minecraft:written_book":1,"create:mechanical_drill":51,"domum_ornamentum:cream_bricks":13,"ars_nouveau:archwood_button":1,"minecraft:stripped_spruce_wood":17,"minecraft:stone_pickaxe":2469,"minecraft:sugar_cane":11,"minecraft:diamond_axe":1382,"minecraft:blue_bed":14,"supplementaries:trapped_present_blue":1,"ars_nouveau:archwood_planks":591,"minecraft:dripstone_block":19,"domum_ornamentum:cream_stone_bricks":11,"minecraft:redstone_torch":29,"ars_nouveau:enchanting_apparatus":3,"minecraft:sticky_piston":2,"minecraft:lever":18,"minecraft:bread":29,"minecraft:gravel":2,"quark:soul_bead":1,"create:andesite_casing":4,"minecraft:grindstone":4,"minecraft:smooth_stone_slab":30,"create:vertical_gearbox":1,"minecraft:coarse_dirt":2,"engineersdecor:factory_hopper":15,"minecraft:bone_meal":143,"minecraft:oak_fence":1,"minecraft:flint_and_steel":1,"minecraft:stone_shovel":429,"minecraft:redstone":36,"minecraft:spruce_planks":538,"create:orange_seat":2,"minecraft:stone_hoe":2,"pneumaticcraft:reinforced_chest":8,"minecraft:dirt":687,"minecraft:hopper":5,"minecraft:spruce_stairs":24,"create:mechanical_plough":4,"minecraft:spruce_fence":2,"minecraft:iron_hoe":273,"ars_nouveau:imbuement_chamber":6,"create:cart_assembler":6,"minecraft:emerald_block":1,"minecraft:minecart":1,"ars_nouveau:arcane_platform":54,"minecraft:light_gray_bed":3,"minecraft:baked_potato":207,"minecraft:spruce_sign":31,"minecraft:green_bed":1,"minecraft:stonecutter":2,"farmersdelight:onion":56,"create:cut_calcite_bricks":86,"create:mechanical_harvester":4,"minecraft:piston":15,"minecraft:flower_pot":1,"minecraft:wooden_hoe":233,"minecraft:apple":14,"create:mechanical_press":1,"create:windmill_bearing":2,"create:layered_tuff":2,"minecraft:stone_axe":131,"minecraft:fishing_rod":4,"minecraft:bucket":77,"minecraft:pumpkin_pie":7,"ars_nouveau:scribes_table":3,"minecraft:smooth_stone":49},"minecraft:picked_up":{"quark:carrot_crate":1,"minecraft:birch_door":1,"minecraft:flower_pot":3,"minecraft:anvil":1,"minecraft:lead":8,"pneumaticcraft:reinforced_chest":7,"supplementaries:candle_holder_red":6,"minecraft:brewing_stand":2,"minecraft:music_disc_cat":1,"minecraft:string":78,"minecraft:soul_soil":6,"create:limestone":347,"minecraft:shroomlight":2,"quark:beetroot_crate":1,"create:cart_assembler":4,"minecraft:cobbled_deepslate":1402,"minecraft:spruce_planks":504,"minecraft:written_book":2,"ars_nouveau:mendosteen_pod":3,"minecraft:coal_block":4,"minecraft:golden_helmet":1,"minecraft:spruce_pressure_plate":1,"minecraft:composter":17,"create:andesite_casing":61,"ars_nouveau:glyph_pickup":1,"quark:potato_crate":1,"minecraft:golden_chestplate":2,"minecraft:orange_bed":1,"ars_nouveau:arcane_core":1,"farmersdelight:onion":53,"quark:bamboo_block":5,"ars_nouveau:imbuement_chamber":5,"supplementaries:quiver":4,"quark:dark_oak_leaf_carpet":10,"minecraft:snowball":283,"minecraft:furnace_minecart":3,"minecraft:magma_block":307,"minecraft:feather":3,"minecraft:iron_door":3,"ars_nouveau:source_berry":95,"ars_nouveau:magebloom":4,"minecraft:flint":39,"minecraft:stripped_spruce_wood":157,"ars_nouveau:scribes_table":2,"minecraft:lantern":6,"create:mechanical_plough":2,"supplementaries:quark/hanging_sign_blossom":2,"minecraft:stonecutter":2,"create:mechanical_drill":42,"quark:soul_bead":2,"create:cut_limestone_bricks":42,"minecraft:stripped_spruce_log":119,"minecraft:barrel":31,"ars_nouveau:wilden_horn":5,"minecraft:dispenser":13,"minecraft:lever":14,"minecraft:bread":12,"alexsmobs:maggot":8,"immersiveengineering:raw_nickel":22,"ars_nouveau:red_archwood_log":752,"minecraft:crafting_table":6,"minecraft:coarse_dirt":2,"minecraft:leather_leggings":1,"minecraft:redstone_lamp":8,"minecraft:stripped_mangrove_log":12,"ars_nouveau:archwood_slab":255,"domum_ornamentum:cream_bricks":51,"supplementaries:globe":1,"create:orange_seat":4,"minecraft:flint_and_steel":1,"ars_nouveau:glyph_pull":1,"minecraft:white_carpet":4,"minecraft:iron_shovel":1,"ars_nouveau:stripped_green_archwood_log":3,"minecraft:jungle_sapling":1,"minecraft:poppy":85,"minecraft:spruce_slab":36,"supplementaries:trapped_present_blue":2,"supplementaries:rope":10,"minecraft:chest":22,"minecraft:piston":10,"minecraft:egg":3,"ars_nouveau:purple_archwood_log":71,"minecraft:stone":168,"minecraft:spruce_fence":17,"quark:slime_in_a_bucket":1,"minecraft:carrot":7,"minecraft:redstone":193,"minecraft:blue_carpet":3,"ars_nouveau:green_archwood_log":428,"biomancy:mob_marrow":8,"ars_nouveau:enchanting_apparatus":2,"minecraft:stone_shovel":2,"create:depot":6,"minecraft:glow_berries":15,"quark:indigo_corundum_cluster":2,"create:cut_calcite_bricks":2,"quark:stripped_blossom_log":21,"minecraft:bone_block":16,"minecraft:rail":2030,"create:layered_deepslate":292,"minecraft:stripped_oak_log":3,"create:iron_sheet":15,"create:brass_sheet":26,"ars_nouveau:wilden_wing":4,"minecraft:golden_boots":1,"create:cut_deepslate_brick_slab":7,"minecraft:blue_bed":15,"farmersdelight:organic_compost":9,"minecraft:apple":1,"minecraft:stone_bricks":29,"farmersdelight:cooking_pot":2,"biomancy:mob_sinew":4,"alexsmobs:cockroach_wing_fragment":1,"minecraft:stone_pickaxe":1,"create:cut_deepslate":1,"quark:light_gray_shard":59,"minecraft:gravel":283,"minecraft:spruce_sapling":153,"minecraft:spruce_log":680,"quark:blue_corundum_cluster":83,"create:gearbox":1,"pneumaticcraft:compressed_iron_block":214,"create:millstone":4,"create:layered_tuff":2,"tetra:geode":3,"immersiveengineering:seed":8,"minecraft:stone_axe":2,"minecraft:diamond_axe":1,"minecraft:baked_potato":121,"quark:blue_corundum":47,"immersiveengineering:raw_silver":24,"minecraft:hopper":5,"minecraft:ender_pearl":2,"ars_nouveau:magebloom_crop":9,"minecraft:wheat":96,"minecraft:redstone_block":2,"quark:flowering_azalea_leaf_carpet":6,"ars_nouveau:bombegranate_pod":8,"ars_nouveau:glyph_craft":1,"minecraft:raw_copper":1649,"minecraft:smooth_stone_slab":258,"minecraft:sticky_piston":1,"immersiveengineering:raw_lead":46,"minecraft:smooth_stone":49,"minecraft:comparator":1,"minecraft:redstone_torch":51,"minecraft:calcite":479,"minecraft:smooth_quartz":2,"minecraft:iron_pickaxe":3,"alexsmobs:raccoon_tail":1,"minecraft:furnace":34,"farmersdelight:cabbage_seeds":1,"minecraft:tipped_arrow":4,"minecraft:stick":162,"minecraft:oak_fence":19,"minecraft:torch":22,"minecraft:spruce_stairs":51,"alexsmobs:lobster_bucket":1,"minecraft:snow_block":24,"create:polished_cut_tuff":2,"minecraft:pointed_dripstone":256,"minecraft:diorite":375,"supplementaries:flax":348,"ars_nouveau:arcane_platform":47,"create:cut_tuff_bricks":10,"minecraft:rotten_flesh":75,"quark:violet_corundum_cluster":64,"domum_ornamentum:cream_stone_bricks":23,"minecraft:green_wool":3,"minecraft:obsidian":32,"minecraft:cobblestone":3219,"minecraft:leather_chestplate":2,"ars_nouveau:archwood_button":1,"minecraft:repeater":14,"minecraft:golden_leggings":1,"minecraft:chiseled_quartz_block":1,"minecraft:potato":1490,"engineersdecor:factory_hopper":8,"minecraft:tuff":298,"pneumaticcraft:air_compressor":2,"create:raw_zinc":217,"supplementaries:flax_seeds":443,"ars_nouveau:glyph_amplify":1,"ars_nouveau:glyph_phantom_block":1,"minecraft:lapis_lazuli":221,"minecraft:dirt":3387,"minecraft:mangrove_fence":7,"minecraft:bone":48,"ars_nouveau:source_gem":32,"minecraft:bow":5,"minecraft:wheat_seeds":171,"ars_nouveau:glyph_sensitive":1,"minecraft:raw_gold":47,"minecraft:powered_rail":1521,"minecraft:fletching_table":5,"minecraft:bamboo":415,"minecraft:oak_planks":22,"quark:apple_crate":3,"minecraft:stone_hoe":2,"minecraft:ghast_tear":1,"quark:shale":98,"create:cogwheel":6,"ars_nouveau:glyph_ignite":1,"minecraft:poisonous_potato":16,"immersiveengineering:raw_aluminum":40,"create:cut_deepslate_bricks":169,"minecraft:sand":215,"minecraft:grass_block":3,"quark:red_corundum":12,"alexsmobs:bison_carpet":26,"minecraft:light_gray_concrete":1,"minecraft:slime_block":2,"minecraft:diamond":5,"minecraft:spruce_boat":13,"minecraft:bone_meal":6,"minecraft:spruce_sign":21,"minecraft:emerald":1,"minecraft:netherrack":115,"ars_nouveau:arcane_pedestal":9,"create:white_sail":30,"minecraft:charcoal":472,"minecraft:chicken":8,"create:polished_cut_calcite":4,"minecraft:brown_mushroom":5,"ars_nouveau:blue_archwood_sapling":10,"create:mechanical_harvester":2,"ars_nouveau:archwood_planks":82,"minecraft:item_frame":5,"minecraft:blackstone":78,"quark:indigo_corundum":2,"minecraft:observer":7,"minecraft:light_gray_wool":10,"minecraft:lectern":7,"minecraft:sugar_cane":11,"minecraft:spruce_trapdoor":91,"minecraft:raw_iron":82,"quark:violet_corundum":31,"ars_nouveau:glyph_underfoot":1,"ars_nouveau:purple_archwood_sapling":15,"ars_nouveau:blue_archwood_log":81,"create:windmill_bearing":1,"ars_nouveau:frostaya_pod":4,"create:cut_tuff":2,"supplementaries:candle_holder_green":2,"create:deployer":13,"minecraft:arrow":67,"create:cut_calcite_brick_stairs":14,"minecraft:glow_ink_sac":4,"minecraft:leather":6,"minecraft:gunpowder":11,"create:polished_cut_deepslate":261,"quark:forgotten_hat":2,"minecraft:red_carpet":3,"ars_nouveau:green_archwood_sapling":55,"minecraft:iron_ingot":34,"minecraft:acacia_sapling":1,"minecraft:soul_sand":201,"minecraft:green_dye":1,"minecraft:book":33,"quark:red_corundum_cluster":34,"minecraft:emerald_block":1,"minecraft:pumpkin":5,"minecraft:quartz":12,"supplementaries:sack":2,"minecraft:dandelion":6,"ars_nouveau:red_archwood_sapling":32,"quark:glass_item_frame":6,"minecraft:dripstone_block":73,"minecraft:raw_iron_block":1,"pneumaticcraft:ingot_iron_compressed":93,"minecraft:blast_furnace":25,"minecraft:white_bed":16,"quark:blossom_trapdoor":6,"minecraft:spruce_door":10,"minecraft:spider_eye":8,"ars_nouveau:glyph_light":1,"ars_nouveau:archwood_trapdoor":5,"ars_nouveau:wilden_spike":3,"create:brass_ingot":16,"supplementaries:trapped_present_red":2,"minecraft:coal":247}},"DataVersion":3120}