{
  "idas:idas_root": {
    "criteria": {
      "always": "2023-05-19 19:29:50 -0400"
    },
    "done": true
  },
  "lootr:social": {
    "criteria": {
      "opened_chest": "2023-05-19 19:45:44 -0400"
    },
    "done": false
  },
  "farmersdelight:main/root": {
    "criteria": {
      "seeds": "2023-05-19 19:29:50 -0400"
    },
    "done": true
  },
  "farmersdelight:main/plant_all_crops": {
    "criteria": {
      "carrot": "2023-05-19 23:01:16 -0400"
    },
    "done": false
  },
  "lootr:root": {
    "criteria": {
      "always_true": "2023-05-19 19:29:50 -0400"
    },
    "done": true
  },
  "idas:winter_wagon": {
    "criteria": {
      "in_winter_wagon": "2023-05-19 19:33:48 -0400"
    },
    "done": true
  },
  "minecraft:adventure/kill_a_mob": {
    "criteria": {
      "minecraft:zombie": "2023-05-19 21:30:24 -0400"
    },
    "done": true
  },
  "minecraft:adventure/kill_all_mobs": {
    "criteria": {
      "minecraft:skeleton": "2023-05-19 21:33:20 -0400",
      "minecraft:spider": "2023-05-19 21:44:28 -0400",
      "minecraft:witch": "2023-05-19 21:33:37 -0400",
      "minecraft:cave_spider": "2023-05-19 21:33:45 -0400",
      "quark:wraith": "2023-05-20 00:07:57 -0400",
      "minecraft:zombie": "2023-05-19 21:30:24 -0400",
      "quark:foxhound": "2023-05-20 00:13:01 -0400"
    },
    "done": false
  },
  "farmersdelight:main/use_cutting_board": {
    "criteria": {
      "cutting_board": "2023-05-19 22:29:51 -0400"
    },
    "done": true
  },
  "minecraft:story/enter_the_nether": {
    "criteria": {
      "entered_nether": "2023-05-20 00:06:53 -0400"
    },
    "done": true
  },
  "dungeons_arise:wda_root": {
    "criteria": {
      "WDA": "2023-05-19 19:29:50 -0400"
    },
    "done": true
  },
  "tetra:recipes/planks": {
    "criteria": {
      "got_wood": "2023-05-19 20:36:23 -0400"
    },
    "done": true
  },
  "minecraft:husbandry/balanced_diet": {
    "criteria": {
      "baked_potato": "2023-05-19 19:47:44 -0400",
      "apple": "2023-05-19 23:12:40 -0400",
      "potato": "2023-05-19 19:39:03 -0400",
      "carrot": "2023-05-19 23:07:57 -0400"
    },
    "done": false
  },
  "minecraft:story/mine_stone": {
    "criteria": {
      "get_stone": "2023-05-19 20:36:38 -0400"
    },
    "done": true
  },
  "minecraft:nether/root": {
    "criteria": {
      "entered_nether": "2023-05-20 00:06:53 -0400"
    },
    "done": true
  },
  "minecraft:adventure/adventuring_time": {
    "criteria": {
      "minecraft:frozen_river": "2023-05-19 19:36:06 -0400",
      "minecraft:beach": "2023-05-19 21:06:17 -0400",
      "minecraft:river": "2023-05-19 20:35:48 -0400",
      "minecraft:snowy_plains": "2023-05-19 19:29:52 -0400",
      "minecraft:snowy_taiga": "2023-05-19 19:33:50 -0400",
      "minecraft:dripstone_caves": "2023-05-19 21:45:07 -0400",
      "minecraft:cold_ocean": "2023-05-19 21:06:51 -0400",
      "minecraft:forest": "2023-05-19 20:51:40 -0400",
      "minecraft:plains": "2023-05-19 20:35:37 -0400"
    },
    "done": false
  },
  "minecraft:nether/explore_nether": {
    "criteria": {
      "minecraft:soul_sand_valley": "2023-05-20 00:06:53 -0400"
    },
    "done": false
  },
  "minecraft:adventure/sleep_in_bed": {
    "criteria": {
      "slept_in_bed": "2023-05-19 21:47:04 -0400"
    },
    "done": true
  },
  "ars_nouveau:root": {
    "criteria": {
      "ars_nouveau:worn_notebook": "2023-05-19 19:29:50 -0400"
    },
    "done": true
  },
  "create:root": {
    "criteria": {
      "0": "2023-05-19 19:29:50 -0400"
    },
    "done": true
  },
  "minecraft:husbandry/root": {
    "criteria": {
      "consumed_item": "2023-05-19 19:39:03 -0400"
    },
    "done": true
  },
  "minecraft:story/iron_tools": {
    "criteria": {
      "iron_pickaxe": "2023-05-19 20:36:33 -0400"
    },
    "done": true
  },
  "create_enchantment_industry:experienced_engineer": {
    "criteria": {
      "have_experience_nugget": "2023-05-19 19:45:54 -0400"
    },
    "done": true
  },
  "minecraft:story/mine_diamond": {
    "criteria": {
      "diamond": "2023-05-19 21:34:15 -0400"
    },
    "done": true
  },
  "alexsmobs:alexsmobs/soul_vulture": {
    "criteria": {
      "killed_by": "2023-05-20 00:09:42 -0400"
    },
    "done": true
  },
  "alexsmobs:alexsmobs/root": {
    "criteria": {
      "useitem": "2023-05-19 20:56:48 -0400"
    },
    "done": true
  },
  "minecraft:story/root": {
    "criteria": {
      "crafting_table": "2023-05-19 20:36:25 -0400"
    },
    "done": true
  },
  "tetra:spelunking/root": {
    "criteria": {
      "spelunking": "2023-05-19 21:32:15 -0400"
    },
    "done": true
  },
  "minecraft:story/smelt_iron": {
    "criteria": {
      "iron": "2023-05-19 19:46:56 -0400"
    },
    "done": true
  },
  "alexsmobs:alexsmobs/crimson_mosquito": {
    "criteria": {
      "killed_by": "2023-05-20 00:07:23 -0400"
    },
    "done": true
  },
  "minecraft:adventure/root": {
    "criteria": {
      "killed_something": "2023-05-19 21:30:24 -0400"
    },
    "done": true
  },
  "tetra:recipes/string": {
    "criteria": {
      "got_string": "2023-05-19 21:33:53 -0400"
    },
    "done": true
  },
  "lootr:1chest": {
    "criteria": {
      "opened_chest": "2023-05-19 19:45:44 -0400"
    },
    "done": true
  },
  "DataVersion": 3120
}