{
  "idas:idas_root": {
    "criteria": {
      "always": "2023-05-17 00:21:16 -0400"
    },
    "done": true
  },
  "tetra:spelunking/find_scroll": {
    "criteria": {
      "find": "2023-05-17 01:29:59 -0400"
    },
    "done": true
  },
  "tetra:upgrades/root": {
    "criteria": {
      "hammer": "2023-05-19 23:49:56 -0400"
    },
    "done": true
  },
  "create:wrench_goggles": {
    "criteria": {
      "0": "2023-05-19 22:33:58 -0400"
    },
    "done": false
  },
  "farmersdelight:main/plant_all_crops": {
    "criteria": {
      "glow_berries": "2023-05-18 09:33:43 -0400",
      "sugar_cane": "2023-05-19 21:44:52 -0400",
      "potato": "2023-05-17 01:53:53 -0400",
      "wheat": "2023-05-19 22:34:44 -0400"
    },
    "done": false
  },
  "lootr:root": {
    "criteria": {
      "always_true": "2023-05-17 00:21:16 -0400"
    },
    "done": true
  },
  "idas:winter_wagon": {
    "criteria": {
      "in_winter_wagon": "2023-05-17 00:55:43 -0400"
    },
    "done": true
  },
  "minecraft:adventure/kill_a_mob": {
    "criteria": {
      "minecraft:skeleton": "2023-05-17 01:23:47 -0400"
    },
    "done": true
  },
  "ars_nouveau:novice_spell_book": {
    "criteria": {
      "has_novice_spell_book": "2023-05-17 02:06:30 -0400"
    },
    "done": true
  },
  "create:millstone": {
    "criteria": {
      "0": "2023-05-19 23:32:56 -0400"
    },
    "done": true
  },
  "ars_nouveau:enchanting_apparatus": {
    "criteria": {
      "has_enchanting_apparatus": "2023-05-20 00:03:25 -0400"
    },
    "done": true
  },
  "minecraft:husbandry/bred_all_animals": {
    "criteria": {
      "minecraft:cow": "2023-05-19 23:14:41 -0400"
    },
    "done": false
  },
  "dungeons_arise:find_small_blimp": {
    "criteria": {
      "location0": "2023-05-17 01:03:20 -0400"
    },
    "done": true
  },
  "tetra:upgrades/hammer_3": {
    "criteria": {
      "head_left": "2023-05-19 23:57:18 -0400",
      "head_right": "2023-05-19 23:57:41 -0400"
    },
    "done": true
  },
  "minecraft:story/obtain_armor": {
    "criteria": {
      "iron_helmet": "2023-05-17 01:00:40 -0400"
    },
    "done": true
  },
  "create:copper": {
    "criteria": {
      "0": "2023-05-18 01:51:14 -0400"
    },
    "done": true
  },
  "create:andesite_alloy": {
    "criteria": {
      "0": "2023-05-19 21:03:23 -0400"
    },
    "done": true
  },
  "minecraft:story/mine_stone": {
    "criteria": {
      "get_stone": "2023-05-17 00:36:54 -0400"
    },
    "done": true
  },
  "minecraft:nether/root": {
    "criteria": {
      "entered_nether": "2023-05-18 04:15:23 -0400"
    },
    "done": true
  },
  "quark:get_forgotten_hat": {
    "criteria": {
      "get_forgotten_hat": "2023-05-17 02:33:35 -0400"
    },
    "done": true
  },
  "farmersdelight:main/place_cooking_pot": {
    "criteria": {
      "cooking_pot": "2023-05-18 09:55:06 -0400"
    },
    "done": true
  },
  "tetra:upgrades/repairs": {
    "criteria": {
      "hammer": "2023-05-19 23:49:56 -0400"
    },
    "done": true
  },
  "minecraft:adventure/adventuring_time": {
    "criteria": {
      "minecraft:frozen_river": "2023-05-17 00:34:20 -0400",
      "minecraft:snowy_plains": "2023-05-17 00:21:18 -0400",
      "minecraft:dripstone_caves": "2023-05-17 01:03:25 -0400",
      "minecraft:snowy_taiga": "2023-05-17 00:36:44 -0400",
      "minecraft:forest": "2023-05-20 04:06:37 -0400",
      "minecraft:frozen_ocean": "2023-05-18 10:04:02 -0400",
      "minecraft:snowy_beach": "2023-05-18 10:01:58 -0400",
      "minecraft:plains": "2023-05-20 04:23:01 -0400"
    },
    "done": false
  },
  "create:andesite_casing": {
    "criteria": {
      "0": "2023-05-19 23:17:53 -0400"
    },
    "done": true
  },
  "minecraft:adventure/sleep_in_bed": {
    "criteria": {
      "slept_in_bed": "2023-05-17 00:40:18 -0400"
    },
    "done": true
  },
  "ars_nouveau:root": {
    "criteria": {
      "ars_nouveau:worn_notebook": "2023-05-17 00:21:16 -0400"
    },
    "done": true
  },
  "pneumaticcraft:air_compressor": {
    "criteria": {
      "0": "2023-05-18 11:34:28 -0400"
    },
    "done": true
  },
  "create:super_glue": {
    "criteria": {
      "0": "2023-05-20 02:49:36 -0400"
    },
    "done": true
  },
  "minecraft:story/lava_bucket": {
    "criteria": {
      "lava_bucket": "2023-05-18 02:33:28 -0400"
    },
    "done": true
  },
  "create:mechanical_press": {
    "criteria": {
      "0": "2023-05-20 01:01:16 -0400"
    },
    "done": true
  },
  "minecraft:husbandry/root": {
    "criteria": {
      "consumed_item": "2023-05-17 00:37:02 -0400"
    },
    "done": true
  },
  "immersiveengineering:main/craft_hammer": {
    "criteria": {
      "has_item": "2023-05-19 22:31:37 -0400"
    },
    "done": true
  },
  "tetra:spelunking/geode_open": {
    "criteria": {
      "consume_geode": "2023-05-20 02:01:18 -0400"
    },
    "done": true
  },
  "lootr:10loot": {
    "criteria": {
      "loot_stat": "2023-05-17 01:32:16 -0400"
    },
    "done": true
  },
  "pneumaticcraft:root": {
    "criteria": {
      "0": "2023-05-18 09:42:11 -0400"
    },
    "done": true
  },
  "tetra:spelunking/root": {
    "criteria": {
      "spelunking": "2023-05-17 02:32:37 -0400"
    },
    "done": true
  },
  "create:self_deploying": {
    "criteria": {
      "0": "2023-05-20 03:23:04 -0400"
    },
    "done": true
  },
  "minecraft:adventure/root": {
    "criteria": {
      "killed_something": "2023-05-17 01:23:47 -0400"
    },
    "done": true
  },
  "ae2:main/root": {
    "criteria": {
      "copper": "2023-05-18 01:51:14 -0400"
    },
    "done": true
  },
  "minecraft:husbandry/plant_seed": {
    "criteria": {
      "wheat": "2023-05-19 22:34:44 -0400"
    },
    "done": true
  },
  "lootr:1chest": {
    "criteria": {
      "opened_chest": "2023-05-17 00:34:00 -0400"
    },
    "done": true
  },
  "lootr:1cart": {
    "criteria": {
      "opened_cart": "2023-05-18 09:41:18 -0400"
    },
    "done": true
  },
  "quark:get_all_corundum": {
    "criteria": {
      "red": "2023-05-19 20:46:14 -0400",
      "blue": "2023-05-19 20:32:59 -0400",
      "violet": "2023-05-19 20:45:42 -0400",
      "indigo": "2023-05-19 20:47:48 -0400"
    },
    "done": false
  },
  "lootr:social": {
    "criteria": {
      "opened_chest": "2023-05-17 00:34:00 -0400",
      "opened_cart": "2023-05-18 09:41:18 -0400"
    },
    "done": false
  },
  "farmersdelight:main/root": {
    "criteria": {
      "seeds": "2023-05-17 00:21:16 -0400"
    },
    "done": true
  },
  "farmersdelight:main/get_fd_seed": {
    "criteria": {
      "cabbage_seeds": "2023-05-17 00:36:15 -0400"
    },
    "done": true
  },
  "tetra:upgrades/double_headed": {
    "criteria": {
      "hammer": "2023-05-19 23:49:56 -0400"
    },
    "done": true
  },
  "tetra:spelunking/geode": {
    "criteria": {
      "get_geode": "2023-05-18 02:29:23 -0400"
    },
    "done": true
  },
  "minecraft:adventure/kill_all_mobs": {
    "criteria": {
      "minecraft:skeleton": "2023-05-17 01:23:47 -0400",
      "minecraft:ghast": "2023-05-20 02:16:07 -0400",
      "minecraft:magma_cube": "2023-05-17 01:23:51 -0400",
      "minecraft:spider": "2023-05-17 02:46:26 -0400",
      "minecraft:creeper": "2023-05-17 02:34:19 -0400",
      "quark:forgotten": "2023-05-17 02:33:34 -0400",
      "minecraft:zombified_piglin": "2023-05-18 03:24:59 -0400",
      "minecraft:cave_spider": "2023-05-18 09:40:47 -0400",
      "quark:wraith": "2023-05-20 01:55:45 -0400",
      "minecraft:piglin": "2023-05-20 02:15:45 -0400",
      "minecraft:stray": "2023-05-18 01:58:55 -0400",
      "minecraft:enderman": "2023-05-18 03:26:02 -0400",
      "minecraft:zombie": "2023-05-17 02:26:03 -0400",
      "quark:foxhound": "2023-05-20 02:10:47 -0400",
      "minecraft:zombie_villager": "2023-05-18 01:28:31 -0400"
    },
    "done": false
  },
  "minecraft:story/enter_the_nether": {
    "criteria": {
      "entered_nether": "2023-05-18 04:15:23 -0400"
    },
    "done": true
  },
  "dungeons_arise:wda_root": {
    "criteria": {
      "WDA": "2023-05-17 00:21:16 -0400"
    },
    "done": true
  },
  "tetra:recipes/planks": {
    "criteria": {
      "got_wood": "2023-05-17 00:31:24 -0400"
    },
    "done": true
  },
  "tetra:spelunking/find_scroll_howling": {
    "criteria": {
      "find": "2023-05-17 01:29:59 -0400"
    },
    "done": true
  },
  "minecraft:husbandry/breed_an_animal": {
    "criteria": {
      "bred": "2023-05-19 23:14:41 -0400"
    },
    "done": true
  },
  "tetra:story/more_upgrades": {
    "criteria": {
      "hammer": "2023-05-19 23:49:56 -0400"
    },
    "done": true
  },
  "minecraft:husbandry/balanced_diet": {
    "criteria": {
      "baked_potato": "2023-05-17 00:54:59 -0400",
      "apple": "2023-05-18 04:07:40 -0400",
      "potato": "2023-05-18 11:14:41 -0400",
      "bread": "2023-05-17 00:37:02 -0400",
      "golden_apple": "2023-05-17 01:31:55 -0400",
      "carrot": "2023-05-17 01:11:57 -0400"
    },
    "done": false
  },
  "minecraft:adventure/trade": {
    "criteria": {
      "traded": "2023-05-17 01:54:36 -0400"
    },
    "done": true
  },
  "tetra:spelunking/find_scroll_throwing": {
    "criteria": {
      "find": "2023-05-20 04:08:36 -0400"
    },
    "done": true
  },
  "tetra:upgrades/sword_upgrade": {
    "criteria": {
      "module": "2023-05-20 02:04:32 -0400"
    },
    "done": true
  },
  "create:brass": {
    "criteria": {
      "0": "2023-05-20 02:34:52 -0400"
    },
    "done": true
  },
  "minecraft:nether/explore_nether": {
    "criteria": {
      "minecraft:soul_sand_valley": "2023-05-18 04:15:24 -0400",
      "minecraft:nether_wastes": "2023-05-20 02:14:47 -0400"
    },
    "done": false
  },
  "biomancy:biomancy/root": {
    "criteria": {
      "has_raw_meats": "2023-05-18 01:37:08 -0400"
    },
    "done": true
  },
  "ars_nouveau:warp_scroll": {
    "criteria": {
      "has_warp_scroll": "2023-05-20 04:08:35 -0400"
    },
    "done": true
  },
  "pneumaticcraft:pressure_tube": {
    "criteria": {
      "0": "2023-05-18 11:34:25 -0400"
    },
    "done": true
  },
  "ars_nouveau:imbuement_chamber": {
    "criteria": {
      "has_imbuement_chamber": "2023-05-17 02:20:19 -0400"
    },
    "done": true
  },
  "create:root": {
    "criteria": {
      "0": "2023-05-17 00:21:16 -0400"
    },
    "done": true
  },
  "minecraft:story/iron_tools": {
    "criteria": {
      "iron_pickaxe": "2023-05-17 02:06:23 -0400"
    },
    "done": true
  },
  "pneumaticcraft:minigun": {
    "criteria": {
      "0": "2023-05-18 11:41:14 -0400"
    },
    "done": true
  },
  "tetra:upgrades/tool_upgrade": {
    "criteria": {
      "pickaxe": "2023-05-19 23:57:26 -0400"
    },
    "done": true
  },
  "minecraft:story/mine_diamond": {
    "criteria": {
      "diamond": "2023-05-17 01:13:58 -0400"
    },
    "done": true
  },
  "minecraft:story/upgrade_tools": {
    "criteria": {
      "stone_pickaxe": "2023-05-17 00:37:27 -0400"
    },
    "done": true
  },
  "minecraft:story/root": {
    "criteria": {
      "crafting_table": "2023-05-17 00:31:28 -0400"
    },
    "done": true
  },
  "tetra:upgrades/workbench": {
    "criteria": {
      "hammer": "2023-05-19 23:55:02 -0400"
    },
    "done": true
  },
  "minecraft:story/smelt_iron": {
    "criteria": {
      "iron": "2023-05-17 00:56:54 -0400"
    },
    "done": true
  },
  "ars_nouveau:eat_bombegranate": {
    "criteria": {
      "eat_bombegranate": "2023-05-17 00:42:12 -0400"
    },
    "done": true
  },
  "create:contraption_actors": {
    "criteria": {
      "0": "2023-05-20 02:50:37 -0400"
    },
    "done": true
  },
  "alexsmobs:alexsmobs/crimson_mosquito": {
    "criteria": {
      "killed_by": "2023-05-20 02:16:56 -0400"
    },
    "done": true
  },
  "tetra:recipes/string": {
    "criteria": {
      "got_string": "2023-05-17 01:29:44 -0400"
    },
    "done": true
  },
  "minecraft:story/form_obsidian": {
    "criteria": {
      "obsidian": "2023-05-18 02:31:39 -0400"
    },
    "done": true
  },
  "create:windmill": {
    "criteria": {
      "0": "2023-05-19 23:30:31 -0400"
    },
    "done": true
  },
  "create:rose_quartz": {
    "criteria": {
      "0": "2023-05-20 02:21:55 -0400"
    },
    "done": true
  },
  "biomancy:biomancy/predator_killer": {
    "criteria": {
      "has_killed_fangs_mob": "2023-05-18 03:20:12 -0400",
      "has_killed_claws_mob": "2023-05-18 03:20:12 -0400"
    },
    "done": false
  },
  "tetra:recipes/workbench": {
    "criteria": {
      "hammer": "2023-05-19 23:55:02 -0400"
    },
    "done": true
  },
  "ars_nouveau:magebloom_crop": {
    "criteria": {
      "has_magebloom_crop": "2023-05-20 00:04:47 -0400"
    },
    "done": true
  },
  "pneumaticcraft:machine_vandal": {
    "criteria": {
      "0": "2023-05-18 11:46:14 -0400"
    },
    "done": true
  },
  "DataVersion": 3120
}